<?xml version="1.0" encoding="UTF-8"?>
<beans xmlns="http://www.springframework.org/schema/beans"
	xmlns:xsi="http://www.w3.org/2001/XMLSchema-instance"
	xmlns:ctx="http://www.springframework.org/schema/context"
	xmlns:tx="http://www.springframework.org/schema/tx"
	xsi:schemaLocation="http://www.springframework.org/schema/beans http://www.springframework.org/schema/beans/spring-beans.xsd
	http://www.springframework.org/schema/context http://www.springframework.org/schema/context/spring-context.xsd
	http://www.springframework.org/schema/tx
	http://www.springframework.org/schema/tx/spring-tx.xsd
	"><!-- xmlns:ctx="http://www.springframework.org/schema/context" => is the namespace -->
 	<!-- http://www.springframework.org/schema/context => is the url -->
 	
 	<ctx:component-scan base-package="com.lti.core"></ctx:component-scan>
	
	<bean id="dataSource"
        class="org.springframework.jdbc.datasource.DriverManagerDataSource">
   <property name="driverClassName" value="oracle.jdbc.OracleDriver"/>
   <property name="url" value="jdbc:oracle:thin:@192.168.12.130:1521:xe"/>
   <property name="username" value="airline"/>
   <property name="password" value="airline"/>
    </bean>
   
    <bean id="entityManagerFactory" class="org.springframework.orm.jpa.LocalContainerEntityManagerFactoryBean">
	<property name="packagesToScan" value="com.lti.core.entities" />
	<property name="dataSource" ref="dataSource" />

	<property name="jpaVendorAdapter">
	<bean class="org.springframework.orm.jpa.vendor.HibernateJpaVendorAdapter">
	<property name="generateDdl" value="false" />
	<property name="showSql" value="true" />
	</bean>
	</property>
	</bean>

	<bean id="transactionManager" class="org.springframework.orm.jpa.JpaTransactionManager">
	<property name="entityManagerFactory" ref="entityManagerFactory" />
	</bean>

	<tx:annotation-driven transaction-manager="transactionManager" />
	
</beans>